id;title;content_html;image_url;published_date
1;internal;../fake-data/blob/hipster.txt;slippery;2025-08-30T09:32:31
2;fiercely who tarnish;../fake-data/blob/hipster.txt;misplace;2025-08-30T08:41:45
3;as behind thankfully;../fake-data/blob/hipster.txt;between triumphantly;2025-08-29T20:23:51
4;gah victoriously;../fake-data/blob/hipster.txt;espy;2025-08-30T00:25:35
5;dim;../fake-data/blob/hipster.txt;crouch far;2025-08-29T19:21:38
6;indeed flock weepy;../fake-data/blob/hipster.txt;until blah pfft;2025-08-30T13:48:19
7;trowel easily than;../fake-data/blob/hipster.txt;but unsettle;2025-08-30T00:47:47
8;lest sans since;../fake-data/blob/hipster.txt;past;2025-08-30T02:54:09
9;whose;../fake-data/blob/hipster.txt;braid;2025-08-30T15:20:15
10;after gosh woefully;../fake-data/blob/hipster.txt;woot frighten below;2025-08-30T07:55:39
