id;title;description_html;icon
1;fat;../fake-data/blob/hipster.txt;xerox band
2;joyfully versus;../fake-data/blob/hipster.txt;how yippee
3;strange empathise chill;../fake-data/blob/hipster.txt;oof spirited vanity
4;format occlude;../fake-data/blob/hipster.txt;homely sadly incidentally
5;yum enormous and;../fake-data/blob/hipster.txt;relish till toward
6;snap garage;../fake-data/blob/hipster.txt;gullible
7;fooey;../fake-data/blob/hipster.txt;deviance hint before
8;frightfully;../fake-data/blob/hipster.txt;shalt brr
9;without eek gamebird;../fake-data/blob/hipster.txt;flimsy provided
10;till around;../fake-data/blob/hipster.txt;hospitalisation if
