id;visitor_name;visitor_email;message;submitted_date
1;highly near;shaw equally lest;../fake-data/blob/hipster.txt;2025-08-30T03:52:46
2;alongside;pay yippee regular;../fake-data/blob/hipster.txt;2025-08-30T01:44:03
3;yuck recklessly psst;skyline down although;../fake-data/blob/hipster.txt;2025-08-30T09:06:19
4;excitable;an mirror;../fake-data/blob/hipster.txt;2025-08-30T12:34:57
5;lazily prickly besides;drat;../fake-data/blob/hipster.txt;2025-08-30T17:10:30
6;till justly;mid whoever verbally;../fake-data/blob/hipster.txt;2025-08-30T16:01:37
7;weighty connive;anti veg absent;../fake-data/blob/hipster.txt;2025-08-30T13:33:26
8;yowza consolidate;round ew;../fake-data/blob/hipster.txt;2025-08-30T14:03:10
9;beside link gah;back;../fake-data/blob/hipster.txt;2025-08-30T04:42:40
10;recommend inhibitor;housewife;../fake-data/blob/hipster.txt;2025-08-30T01:24:15
