id;section_key;content_html
1;absent switching hence;../fake-data/blob/hipster.txt
2;indeed;../fake-data/blob/hipster.txt
3;incompatible;../fake-data/blob/hipster.txt
4;stab drool excitedly;../fake-data/blob/hipster.txt
5;keep beneath yuck;../fake-data/blob/hipster.txt
6;amid um gah;../fake-data/blob/hipster.txt
7;cultivator sneaky adjure;../fake-data/blob/hipster.txt
8;cream briefly;../fake-data/blob/hipster.txt
9;consequently;../fake-data/blob/hipster.txt
10;reassuringly meanwhile grub;../fake-data/blob/hipster.txt
